"DESCRIPTION","DURATION IN MS","NAME","PARENT SUITE","START TIME","STATUS","STOP TIME","SUB SUITE","SUITE","TEST CLASS","TEST METHOD"
"","30079","waitForTimeout basic example","chromium","2026-09-23","broken","2026-09-23","","WaitForTimeout.spec.js","",""
"","0","my fourth playwright test","chromium","2026-09-23","skipped","2026-09-23","","Sample.spec.js","",""
"","2193","Handle Prompt Alert - Enter text and Accept","chromium","2026-09-23","passed","2026-09-23","","AlretPrompt.spec.js","",""
"","4983","Login with username Sam","chromium","2026-09-23","passed","2026-09-23","Data-driven login tests","Json_DataDriven.spec.js","",""
"","17163","test","chromium","2026-09-23","passed","2026-09-23","","Record.spec.js","",""
"","3495","Open Facebook in new tab","chromium","2026-09-23","passed","2026-09-23","","Tabs.spec.js","",""
"","3811","Step demonstration","chromium","2026-09-23","passed","2026-09-23","","Step.spec.js","",""
"","264","fill input using getByLabel","chromium","2026-09-23","passed","2026-09-23","","Locators_getByLabel.spec.js","",""
"","2571","This script is to test the login success for Admin","chromium","2026-09-23","failed","2026-09-23","","LoginApplication.spec.js","",""
"","1169","Demonstrate page.getByPlaceholder() usage","chromium","2026-09-23","passed","2026-09-23","","Locaters_getByPlaceholder.spec.js","",""
"","1481","This script is to test the upload file successfully","chromium","2026-09-23","passed","2026-09-23","","KeyBoardAction.spec.js","",""
"","1584","get started link","chromium","2026-09-23","passed","2026-09-23","","example.spec.js","",""
"","1821","getByTitle example","chromium","2026-09-23","passed","2026-09-23","","Locators_getByTitle.spec.js","",""
"","7813","This script is to test the login success","chromium","2026-09-23","passed","2026-09-23","","Login.spec.js","",""
"","2468","Handle the Alret successfuly","chromium","2026-09-23","passed","2026-09-23","","Alret.spec.js","",""
"","1927","Handle radio button","chromium","2026-09-23","passed","2026-09-23","","RadioButton.spec.js","",""
"","2488","my first playwright test","chromium","2026-09-23","passed","2026-09-23","","Sample.spec.js","",""
"","903","waitForLoadState basic example","chromium","2026-09-23","passed","2026-09-23","","WaitForLoadState.spec.js","",""
"","30085","handle single checkbox","chromium","2026-09-23","broken","2026-09-23","","CheckBox.spec.js","",""
"","6424","Handle multiple tabs","chromium","2026-09-23","passed","2026-09-23","","one.spec.js","",""
"","2573","Get element by text","chromium","2026-09-23","passed","2026-09-23","","Locater_getByText.spec.js","",""
"","7321","Allure screenshot test","chromium","2026-09-23","failed","2026-09-23","","AllureScreenshot.spec.js","",""
"","3938","Get first frame","chromium","2026-09-23","passed","2026-09-23","","Frame.spec.js","",""
"","1897","native dropdown examples","chromium","2026-09-23","passed","2026-09-23","","Dropdownlist.spec.js","",""
"","30160","waitForSelector basic example","chromium","2026-09-23","broken","2026-09-23","","WaitForSelector.spec.js","",""
"","1978","Handle Prompt Alert - Cancel","chromium","2026-09-23","passed","2026-09-23","","AlretPrompt.spec.js","",""
"","2081","Handle checkbox","chromium","2026-09-23","passed","2026-09-23","","CheckBox.spec.js","",""
"","2903","Handle Autocomplete using keyboard","chromium","2026-09-23","passed","2026-09-23","","Autocomplete.spec.js","",""
"","2572","Handle the Alert successfully","chromium","2026-09-23","passed","2026-09-23","","Alret.spec.js","",""
"","2872","Example: Locate button using getByRole locator.","chromium","2026-09-23","passed","2026-09-23","","Locaters_getByRole.spec.js","",""
"","2629","Debug upload","chromium","2026-09-23","passed","2026-09-23","","UploadFile.spec.js","",""
"","2148","Handle Confirm Alert - Accept","chromium","2026-09-23","passed","2026-09-23","","AlretConfirm.spec.js","",""
"","2736","This script is to test the login success for Sam","chromium","2026-09-23","failed","2026-09-23","","LoginApplication.spec.js","",""
"","2353","Handle input box","chromium","2026-09-23","passed","2026-09-23","","InputBox.spec.js","",""
"","7385","Login with username Admin","chromium","2026-09-23","passed","2026-09-23","Data-driven login tests","Json_DataDriven.spec.js","",""
"","2515","hover over sign in","chromium","2026-09-23","passed","2026-09-23","","MouseHover.spec.js","",""
"","3089","This script is to test the login success for Preston","chromium","2026-09-23","failed","2026-09-23","","LoginApplication.spec.js","",""
"","1435","Locate images using getByAltText","chromium","2026-09-23","passed","2026-09-23","","Locators_getByAltText.spec.js","",""
"","1","my second playwright test","chromium","2026-09-23","skipped","2026-09-23","","Sample.spec.js","",""
"","5134","Login with username Preston","chromium","2026-09-23","passed","2026-09-23","Data-driven login tests","Json_DataDriven.spec.js","",""
"","2018","Handle Confirm Alert - Cancel","chromium","2026-09-23","passed","2026-09-23","","AlretConfirm.spec.js","",""
"","1349","has title","chromium","2026-09-23","passed","2026-09-23","","example.spec.js","",""
"","2748","Get specific value from table","chromium","2026-09-23","passed","2026-09-23","","Table.spec.js","",""
"","3879","This script is to test the login success","chromium","2026-09-23","failed","2026-09-23","","Json.spec.js","",""
"","1","my third playwright test","chromium","2026-09-23","skipped","2026-09-23","","Sample.spec.js","",""
